[
    {
        "id":"01","name":"된장찌개","price":"5,000","thumb":"dj.jpg","say":"당신은 된장찌개를 고르셨습니다. 된장찌개를 좋아하시는군요."
    },
    {
        "id":"02","name":"계란말이","price":"2,000","thumb":"gm.jpg","say":"당신은 계란말이를 고르셨습니다. 계란말이를 좋아하시는군요."
    },
    {
        "id":"03","name":"부추무침","price":"3,000","thumb":"bc.jpg","say":"당신은 부추무침을 고르셨습니다. 부추무침을 좋아하시는군요"
    },
    {
        "id":"04","name":"진미채볶음","price":"3,000","thumb":"jm.jpg","say":"당신은 진미채 볶음을 고르셨습니다. 진미채 볶음을 좋아하시는군요."
    }

]